reason,row,id,sku,title
invalid_price,1002,,hhc-3763691,Pair Ribbon Gajray – Colorful Satin Ribbon Flower Gajra for Hair & Traditional Wear
invalid_price,1264,,hhc-3762738,Sapphire Airjet Lawn 3 Piece Embroidered Suit With Printed Diamond Dupatta Premium Unstitched Dress Collection 2026
invalid_price,1315,,hhc-3762599,350 PVC Star Stickers Self Adhesive Removable Sparkle Rewards Funny Stickers For Teacher Encourage Students Kids - Stationery Accessory Designed
invalid_price,1508,,hhc-3761951,Plain Square Hijab Korean Chiffon Soft Comfortable 55 X 55 Inch For Students And Working Women
invalid_price,1524,,hhc-3761873,"Half Veil Niqab Patti In Korean Chiffon With Soft Elastic, Lightweight Face Cover For Hijabs And Scarves"
invalid_price,1547,,hhc-3761747,Kids Girls Hijab Korean Chiffon With Handmade Flower
invalid_price,2843,,hhc-3757525,"Dolphin Multi-Purpose Spray Paint – Fast-Drying, Anti-Rust & Scratch Resistant – High-Gloss Finish for Metal, Wood, Plastic & Automotive – 300ml"
invalid_price,4383,,hhc-3754657,"A Luxurious Blend of Iconic Designer Style, Plush Comfort, and Premium Crafted Suede Materials"
invalid_price,5241,,hhc-3752819,"Bioplex Hair Protein Treatment – No Damage Formula For Bleaching And Coloring | Protein Balls For Soft, Shiny, And Healthy Blonde Hair"
invalid_price,7265,,hhc-2742180,24pcs Imported Disposable Plastic Fork Party Cutlery Fork Birthday Party Tableware for Cake Dessert (Mixed colour)
invalid_price,7292,,hhc-2709736,"Quilt Storage Bag Waterproof Closet Organizers Zipper Folding Organizer Durable Clothing Packaging Plastic Bags for Storing Coats, Jackets Home Use Pillows, Blankets (Random Design)"
invalid_price,7630,,hhc-2555846,Keratin Hair Care Balance Mask And Treatment for Healthy Scalp - 500ml
