product_id,title,detected_keywords,suggested_category,confidence
hhc-3763301,JL-T66 Solar Induced Wall Light - Lighting Product Designed For Illumination And Daily Lighting Routine,,Home & Kitchen > Other,0.58
hhc-3763073,"Instant Glow Massage Shower Soap – Textured Body Massage Soap for Deep Cleansing, Soft, Smooth & Refreshed Skin | Daily Body Care Soap for All Skin Types",,Beauty & Personal Care > Other,0.55
hhc-3762666,"Fixed Flat Panel TV Wall Mount Bracket 17"" to 26"" LCD/LED – Heavy Duty TV Wall Stand (Max 30kg)",,Home & Kitchen > Other,0.55
hhc-3762492,Toilet Cleaning Brush With Hanging Sticker | Silicon Bathroom Cleaning Hockey Brush | Silicon Toilet Cleaning Brush Hockey & Golf Shape | Washroom Brush Silicon,,Beauty & Personal Care > Other,0.55
hhc-3762327,5 Layer Fan Faucet For Kitchen | Anti Splash Water Saving Shower Head Purifier 6 Layer Filter Cartridge For Kitchen | Random Colour Faucet,,Home & Kitchen > Kitchen & Dining,0.58
hhc-3762248,"Premium Fixed Flat Panel TV Wall Mount Bracket (14"" To 42"") – Heavy Duty Metallic LED/LCD Television Stand For Secure And Reliable Mounting",,Home & Kitchen > Other,0.55
hhc-3762227,"Premium Fixed Flat Panel TV Wall Mount Bracket (17"" To 26"") – Heavy Duty Metallic LED/LCD Television Stand For Secure And Reliable Mounting",,Home & Kitchen > Other,0.55
hhc-3762181,Sensor Solar Bulb Light | Camping Light For Outdoor With Solar | Solar Sensor Lamp Bulb,,Home & Kitchen > Home Decor,0.58
hhc-3762178,Stanley 40oz Printed Tumbler With Handle And Straw - Premium Stainless Steel Insulated Travel Mug For Hot And Cold Drinks With Leak-Resistant Lid,,Home & Kitchen > Other,0.58
hhc-3762144,"Star Utility Knife - Durable And Versatile Handheld Cutting Tool Designed For Precision Work, Crafts, Packaging, And General Utility Tasks",,Home & Kitchen > Other,0.55
hhc-3762069,"KSE CK686 50W Portable Solar Charging Flood Light - Powerful Rechargeable Outdoor Lighting For Camping, Emergencies, And Work Sites",,Home & Kitchen > Other,0.58
hhc-3762024,"24K Gold Leaf Brightening Soap – Handmade Luxury Soap for Glowing Skin, Dark Spots, Anti-Aging & Skin Brightening",,Beauty & Personal Care > Skin Care,0.58
hhc-3761989,AC Outdoor UV Sheet Durable Waterproof Dust Proof Lightweight Easy To Install UV Resistant,,Home & Kitchen > Shampoo & Hair Care,0.58
hhc-3761743,ARH 50mm Iron Padlock With 2 Keys 5 Lever Heavy Duty Security Lock - Tool Product Designed For Security And Daily Protection Routine,,Home & Kitchen > Other,0.58
hhc-3761588,HT Lock JG-35 - Heavy Duty Security Lock Durable Mechanical Hardware Device High Performance Protection Safety Lock For Doors And Gates,,Home & Kitchen > Other,0.58
hhc-3761586,Number And Letters Design Kids Chair - Educational Alphabets Pattern Lightweight Seating Furniture Durable Comfortable Miniature Toddler Seat - (Random Color),,Home & Kitchen > Other,0.58
hhc-3761582,Panda Face Design Kids Chair - Cute Animal Themed Lightweight Seating Furniture Durable Comfortable Miniature Seat For Toddler Playroom (Random Color),,Home & Kitchen > Other,0.58
hhc-3761284,High Strength Low Temperature Aluminum Welding Rods 3 Pcs Set Professional Metal Repair And Brazing Solution,,Home & Kitchen > Other,0.58
hhc-3760594,Vacuum Storage Bag Packaging Bag for Vacuum Compression Storage Space Saving Storage Organizer (5 bags with Pump),,Home & Kitchen > Other,0.55
hhc-3760575,Scale 50Kg 5g LCD Digital Display Handheld Mini Electronic Weighting Scale Fishing And Travel Luggage Scale,,Home & Kitchen > Other,0.58
hhc-3760456,"Environmental Wall Hole Sealing Glue – Waterproof Mending Plasticine for AC Holes, Wall Gaps & Pipe Sealing",,Home & Kitchen > Shampoo & Hair Care,0.58
hhc-3760455,"Electric ToothbrushElectric Toothbrush – Rechargeable Sonic Cleaning Toothbrush with Soft Bristles, Deep Clean (Random Colour)",,Home & Kitchen > Other,0.58
hhc-3760089,Air Conditioner Outdoor Unit Cover Heat Insulation Waterproof - Universal Size For 1 & 1.5 Ton - With Clip (Multi Color Random Design),,Home & Kitchen > Shampoo & Hair Care,0.58
hhc-3759804,GreenPro Gardening Hand Trowel – Heavy Duty Digging Shovel with Comfortable Anti-Slip Grip Handle,,Home & Kitchen > Other,0.58
hhc-3758946,"5mm double-head screwdriver with Phillips and flat tips, featuring a detachable handle for easy repair, maintenance, and DIY tasks. Durable, compact, and easy to handle.",,Home & Kitchen > Other,0.58
hhc-3758945,Heavy-Duty Combination Pliers – Professional Grip Hand Tool 8 Inch,,Home & Kitchen > Other,0.58
hhc-3758499,Automatic Door Closer Heavy Duty Self Closing Device for Home Office and Commercial Use Smooth and Controlled Door Closing,,Home & Kitchen > Other,0.55
hhc-3758207,AC Outer Cover With Clip | AC Foil Cover For Outer | Head Resistant Waterproof AC Cover | Air Conditioner Foil Cover for 1 & 1.5 Ton,,Home & Kitchen > Shampoo & Hair Care,0.58
hhc-3758199,"Toppik Hair Fiber Holding Spray, Instant Fuller Looking Hair - 118ml",,Beauty & Personal Care > Kitchen & Dining,0.58
hhc-3758094,1Pc Baby Diaper Bag Dispenser With Rope/Hook | Includes 1 Roll Of 18 Disposable Bags | Random Colour,,Home & Kitchen > Other,0.58
hhc-3758042,"Portable Telescoping Stool, Folding Stool Lightweight &amp; Sturdy, Retractable Telescopic Stool For Gardening, Camping, Travel, Fishing, Hiking And Bbq(Multi Color)",,Home & Kitchen > Other,0.55
hhc-3757776,Rechargeable Mini COB Light With Box | 3in1 LED Flash Light | 3 Modes LED Torch Flashlight,,Home & Kitchen > Other,0.58
hhc-3757623,Portable Digital Kitchen Scale With 50kg Capacity And LCD Display,,Home & Kitchen > Kitchen & Dining,0.58
hhc-3757296,Rechargeable Mosquito Racket With Box & Stand – Electric Insect Killer Bat For Indoor And Outdoor Use | Insects Killer | Mosquito Killer Racket (Random Color),,Home & Kitchen > Other,0.55
hhc-3757217,800ML Rechargeable Desktop Humidification Fan Portable Foldable Spray Misting Fan With Blue Light (Random Colour),,Home & Kitchen > Other,0.55
hhc-3757180,"Ergonomic Lumbar Support Cushion – Soft PU Memory Foam Backrest Pillow for Office Chair, Car & Home Use",,Home & Kitchen > Home Decor,0.58
hhc-3757120,"Foldable Capacity Storage Bag – Large Space Folding Organizer for Travel, Clothes & Home Use",,Beauty & Personal Care > Other,0.58
hhc-3757076,USB Rechargeable Mosquito Racket With Stand – Electric Insect Killer Bat For Indoor And Outdoor Use | Insects Killer | Mosquito Killer Racket (Random Color),,Home & Kitchen > Other,0.55
hhc-3757040,"Universal Car Windscreen Sunshade 130 by 60 CM,For Hatchback ,Small Cars ,,Anti heat material -Universal Car Sun shade 130 by 60 CM",,Home & Kitchen > Other,0.58
hhc-3757013,"Premium Tissue Box Holder – Stylish & Durable Organizer for Home, Office & Car - Size:9.5/3.5h/5.5",,Home & Kitchen > Other,0.55
hhc-3756872,Men Therm Bee Venom Heating Oil – Advanced Gynecomastia Care for Men (30ml),,Beauty & Personal Care > Other,0.58
hhc-3756833,Pack Of 2 Sugar Body Whitening Scrub 150ml Each Exfoliating Body Scrub For Smooth And Glowing Skin,,Beauty & Personal Care > Other,0.58
hhc-3756644,T9 Trimmer - Vintage T9 Gold Hair Trimmer -  Premium Body Dragon Shape T9 Hair Trimmer Plastic Body,,Home & Kitchen > Other,0.58
hhc-3756361,High Quality Men Shorts – Daily Wear & Sports Use,,Home & Kitchen > Fitness & Gym,0.58
hhc-3756360,Cute Panda Silicone Night Light – Soft Touch LED Lamp for Kids Bedroom,,Home & Kitchen > Home Decor,0.58
hhc-3755645,"Iron Cover Protector – Non-Stick, Heat-Resistant Ironing Shoe for Clothes Protection, Prevents Scorch Marks & Ensures Smooth Ironing",,Home & Kitchen > Other,0.58
hhc-3755616,"Window Screen Net Repair Tape – Strong Adhesive Mesh Tape for Door & Window Screen Repair, Easy Fix for Holes and Tears | 2 Meter",,Home & Kitchen > Other,0.55
hhc-3755297,"Heavy Duty Pad Lock | Desi Lock with 2 Keys | Strong Security for Doors, Cabinets & Home Safety",,Home & Kitchen > Other,0.58
hhc-3755279,"Portable Rainbow Telescopic Stool – Lightweight Collapsible Folding Seat for Camping, Fishing, Hiking & Outdoor Activities – Adjustable Height",,Home & Kitchen > Other,0.55
hhc-3755246,set of 6 Motivational sticky canvas frames for wall decore / sticky phototiles,,Home & Kitchen > Other,0.58
hhc-3755243,set of 6 Motivational sticky canvas frames for wall decore / sticky phototiles,,Home & Kitchen > Other,0.58
hhc-3755176,Moisturizing Spa Gel Socks | Silicon Socks For Women | Foot Care Spa Gel Socks,,Beauty & Personal Care > Other,0.55
hhc-3755144,Qifenghe Professional 200g Plastic Renovation Wax – Varnish Soft Wax for Car Interior Refurbishment and Cortical Brightening with Included Applicator Sponge,,Home & Kitchen > Other,0.58
hhc-3755143,Qifenghe Professional 200g Car Interior Plastic Renovation Wax – Premium Varnish Soft Wax with Applicator Sponge for Whole Car Interior Refurbishment & Cortical Brightening,,Home & Kitchen > Other,0.58
hhc-3755128,Classic Winter Jacket For Men Zipper Style Stay Warm And Stylish | Comfortable Fleece Material,,Home & Kitchen > Other,0.55
hhc-3755127,"Classic Winter Jacket For Men- Zipper Style, Stay Warm And Stylish- Comfortable Fleece Material",,Home & Kitchen > Other,0.55
hhc-3755121,"Universal Punch-Free Automatic Sensor Door Closer | Heavy-Duty Retractable Steel Cable Door Closer for Home, Office, and Internal Sliding or Swing Doors",,Home & Kitchen > Other,0.58
hhc-3755101,Men's Black Printed Tracksuit Trendy Design Casual Comfortable Style,,Home & Kitchen > Trucksuits & Activewear,0.58
hhc-3754985,Set of 3 Wooden Photo Tile Wall Art Frames (8×11 Inches) – Premium MDF Spiritual Wall Décor with Easy Stick Back,,Home & Kitchen > Other,0.58
hhc-3754860,Set of 6 Wall Art Wooden Phototile Frames for Wall Decor,,Home & Kitchen > Home Decor,0.58
hhc-3754853,Mini Quick Push Electronic Fidget Toy – 2-in-1 Handheld Memory Game & Keychain Charm for Kids and Adults,,Home & Kitchen > Other,0.58
hhc-3754766,Strawberry Straw Water Bottle (Cute/Kawaii Design),,Home & Kitchen > Kitchen & Dining,0.58
hhc-3754762,Portable Mesh Nebulizer – Quiet & Rechargeable for Kids and Adults,,Beauty & Personal Care > Other,0.55
hhc-3754735,"Set of 3 Islamic Motivational Wall Art Frames – 8x11"" MDF Phototiles with Adhesive Backing",,Home & Kitchen > Other,0.58
hhc-3754699,"Set of 3 Nature-Inspired Wall Art Frames – 8x11"" MDF with Sticky Backing",,Home & Kitchen > Other,0.58
hhc-3754698,"Set of 3 Islamic Wall Art Frames – Arabic Calligraphy, 8x11"" MDF with Sticky Backing",,Home & Kitchen > Other,0.58
hhc-3754688,"Set of 6 Motivational Wall Art Frames – 8x11"" MDF with Sticky Backing",,Home & Kitchen > Other,0.58
hhc-3754680,"Set of 3 Motivational Wall Art – MDF Wooden Phototile Frames (8x11"") with Adhesive Back",,Home & Kitchen > Other,0.58
hhc-3754548,Set of 6 Motivational Wall Art Wooden Phototile Frames for Wall Decor,,Home & Kitchen > Home Decor,0.58
hhc-3754547,Set of 3 Wall Art Wooden Phototile Frames for Wall Decor,,Home & Kitchen > Home Decor,0.58
hhc-3754476,Sleeping Gel Eye Mask Premium Quality Smooth Texture Comfortable Fit Relaxing Design (Random Color),,Home & Kitchen > Other,0.58
hhc-3754385,"14 Pcs Compressed Travel Disposable Face Towel – Portable Coin Tissue Towels for Travel, Gym, Hotel & Outdoor Use",,Home & Kitchen > Fitness & Gym,0.58
hhc-3754357,Metal Hand Press Button Plier With 50 Tich Buttons with lock | Tich and Snap Button Press Tool DIY,,Home & Kitchen > Other,0.55
hhc-3754189,Deluxe Thermal Knit Knee and Leg Warmers (1 Pair) | Essential Winter Protection & Joint Comfort for Women | Knee Warmer For Women | Knee Warmer For Winters,,Beauty & Personal Care > Other,0.58
hhc-3754094,Mesh Window Screen Repair Tape – 2 Meter Durable Self-Adhesive Patch for Quick Screen Fixes,,Home & Kitchen > Other,0.58
hhc-3754093,120pcs Disposable Paper Flower Soap Tube – Portable Handwash Sheets for Kids & Adults | Travel-Friendly Pocket Soap Flakes,,Beauty & Personal Care > Other,0.55
hhc-3753992,Meal-It 3-Compartment Lunch Box (1000 ml Large) – Leak-Resistant Meal Prep Container for Neatly Separated Food Items,,Home & Kitchen > Kitchen & Dining,0.58
hhc-3753962,Easter Baskets – Portable Round Non-Woven Buckets for Kids & Adults | Small Woven Party & Birthday Decoration Supplies,,Home & Kitchen > Home Decor,0.58
hhc-3753761,"Infuser Glass Tea Jug with Stainless Steel Filter – Premium Hot & Cold Brewer for Tea, Detox Water & Herbal Drinks",,Home & Kitchen > Kitchen & Dining,0.58
hhc-3753760,1 Pcs Simple Triangle-shaped Iron Mosquito Coil Holder Creative Hanging Or Standing Incense Burner,,Home & Kitchen > Other,0.58
hhc-3753696,"Umrah Saving Box - Box For Umrah Saving |  Umrah Saving Box Wooden Money Box for Umrah - 210,000",,Home & Kitchen > Other,0.58
hhc-3752633,Kids Portable Study Table – Multifunctional Plastic Desk with Side Storage (Random Color),,Home & Kitchen > Other,0.58
hhc-3752489,"Rat Repellent Spray – Protects Car Wires & Engine, Home & Office Use, Long-Lasting (50ml)",,Home & Kitchen > Other,0.58
hhc-3752461,Pearl Latkan Hanging Lace Border for Dupatta & Dress Decoration – 1 Gaz (Approx. 1 Yard),,Beauty & Personal Care > Home Decor,0.58
hhc-3752457,Labubu Doll – 7 Inch Plush Toy for Boys & Girls | Cute Collectible Gift (Random Color),,Home & Kitchen > Kitchen & Dining,0.58
hhc-3752355,"Pack of 10 Anti-Collision Door Stickers – Silicone Wall Protectors, Perforation-Free, Non-Marking, Mute Buffer Strips for Home & Furniture Safety",,Home & Kitchen > Home Decor,0.58
hhc-3663017,"FEG Plus Hair Growth Spray – Stimulate Follicles, Reduce Hair Fall, and Encourage Thicker, Healthier Growth 60ML",,Beauty & Personal Care > Other,0.58
hhc-3641090,The Health Healer Height Grow Powder - 100% Natural Height Increase Supplement- 50G,,Beauty & Personal Care > Other,0.58
hhc-3534401,"FEG Plus Hair Growth Spray – Stimulate Follicles, Reduce Hair Fall, and Encourage Thicker, Healthier Growth 60ML",,Beauty & Personal Care > Other,0.55
hhc-2618689,"Electronic Pulse Massager Therapy Machine – Full Body Pain Relief Device with LCD Display, Electrode Pads, Massage Slippers &amp; Multiple Modes – Nerve, Muscle &amp; Acupressure Stimulator Kit",,Beauty & Personal Care > Other,0.55
hhc-1888201,(2inch x 8 Yard) Super Sticky Aluminum Foil Tape Self Adhesive Waterproof for Roof Pipe Repair Tape,,Home & Kitchen > Other,0.55
hhc-1423109,Blue idea Rechargeable Cordless Massager with different heads | Deep Massager for Muscles Neck Cordless Electric Body Massager,,Beauty & Personal Care > Other,0.58
hhc-1364870,"Tripod 3110 Portable Adjustable Aluminium Lightweight Camera Stand Tripod, with 3-Dimensional Head and Quick Release Plate for Video Cameras and Mobile, Black, Silver | 3110",,Home & Kitchen > Other,0.58
hhc-1356205,Multi Colour Set 24 PCS Kit / drawing /art / paint kit Set for kids (random color ),,Home & Kitchen > Other,0.55
hhc-1351884,Arabic Learning Tablet for kids 2 in 1 Prayer and Letters (Arabic &amp; English) Learning - Multi Color,,Home & Kitchen > Other,0.58
hhc-1347182,3 in 1 Makeup Deal  Sunisa Foundation Base 20g Waterproof Mushroom Head Air Cushion BB Cream Nude Liquid Foundations +yanqina 36H liner + 5 in 1 lipstick Pen,,Beauty & Personal Care > Home Decor,0.58
hhc-1274942,HAIR COLORING BRUSH | Cell Operated | Seal Packing,,Beauty & Personal Care > Other,0.58
hhc-1239293,Sunisa Foundation Base 20g Waterproof Mushroom Head Air Cushion BB Cream Nude Liquid Foundations  (with yanqina 36H liner ),,Beauty & Personal Care > Home Decor,0.58
hhc-1230454,Neck massger Low frequency | Relief Neck Massager,,Beauty & Personal Care > Other,0.58
hhc-1230343,MS Foot Massager Pad Improve Blood Circulation Relieve Ache Pain Health Care,,Beauty & Personal Care > Other,0.58
hhc-1215783,New Original Electric Vacuum Adsorption Foot Grinder Pedicure Tools Foot File Care Tool Remover Absorbing Machine Dead Skin Callus Polisher,,Beauty & Personal Care > Other,0.55
hhc-1204287,Electric Body Slimming Massage Belt Anti-cellulite Control System Waist Loss Weight Slimmer Home Vibration Fat Burning Device,,Beauty & Personal Care > Fitness & Gym,0.58
hhc-1119200,Spin Scrubber (Tiles Cleaning Brush) chargeable,,Home & Kitchen > Mobile Accessories,0.58
hhc-1017167,Nano Tape 3 Meter Double Side Tape |washable Reusable Tape,,Home & Kitchen > Other,0.58
hhc-883415,New Knee Plaster Sticker Wormwood Extract Knee Joint Ache Fast Pain Relieving Paster Knee Rheumatoid Arthritis Body Patches( 10 patches),,Beauty & Personal Care > Other,0.55
hhc-798258,Pressurized Shower Head Turbine Shower Accessories One Piece Water Stop(random color),,Home & Kitchen > Other,0.55
